SET time_zone = "+00:00";

INSERT INTO `ts_system_data` ( `list`, `key`, `value`, `mtime`) VALUES
( 'store_Admin', 'index', 'a:2:{s:3:"CSS";s:1870:".store_des {\r\n    line-height: 24px;\r\n    color: #333;\r\n    font-size: 14px;\r\n    width: 500px;\r\n    float: left;\r\n    height:100px ;\r\n    overflow: hidden;\r\n}\r\n.store_head_pic{\r\n    float: right;\r\n}\r\n.store_uname {\r\n    text-align: center;\r\n    line-height: 28px;\r\n    color: #648B9D;\r\n}\r\n.store_uname a{\r\n    color: #648B9D;\r\n}\r\n.store_head_size{\r\n    width: 100px;\r\n    height: 100px;\r\n}\r\n.store_ul_tm {\r\n    font-size: 12px;\r\n    color: #648B9D;\r\n}\r\n.store_yunme_title {\r\n    font-size: 24px;\r\n    font-weight: normal;\r\n}\r\n\r\n.store_yunmai_det{\r\n    border: solid 1px #ccc;\r\n    padding: 10px;\r\n    margin-top: 20px;\r\n    background-color: #FBFBFB;\r\n}\r\n.store_yunmai_det li{\r\n    float:left;\r\n    width: 270px;\r\n    line-height: 28px;\r\n    font-size: 14px;\r\n}\r\n.store_yunmai_title{\r\n    font-size: 20px;\r\n    font-weight: normal;\r\n    margin-top: 10px;\r\n    margin-bottom: 10px;\r\n}\r\n.store_yunmai_des{\r\n    line-height: 1.5;\r\n    font-size: 16px;\r\n    text-indent: 20px;\r\n\r\n}\r\n.store_yunmai_d_left{\r\n    border-right: solid 1px #ccc;\r\n    min-height: 500px;\r\n}\r\n/*58*/\r\n.fe_main:hover {\r\n    background-color: #FFFEE5;\r\n}\r\n.fe_main {\r\n\r\n    border-bottom: solid 1px #ccc;\r\n}\r\n\r\n.fe_m {\r\n    width: 86px;\r\n}\r\n\r\n.fe_time {\r\n    font-size: 12px;\r\n    line-height: 75px;\r\n}\r\n\r\n.fe_detail {\r\n    width: 300px;\r\n\r\n}\r\n\r\n.fe_det {\r\n    font-size: 12px;\r\n    margin-top: 10px;\r\n\r\n}\r\n\r\n.fe_money {\r\n    color: #E22;\r\n    font-size: 16px;\r\n    font-style: normal;\r\n    font-weight: bold;\r\n    font-family: "微软雅黑";\r\n}\r\n\r\n.pic1 {\r\n    width: 100px;\r\n    height: 75px;\r\n}\r\n\r\n.left {\r\n    float: left;\r\n}\r\n\r\n.mg10 {\r\n    margin: 10px;\r\n}\r\n\r\n.fe_p {\r\n    color: #666;\r\n    font-size: 12px;\r\n    max-height: 45px;\r\n    overflow: hidden;\r\n    line-height:16px;\r\n}\r\n\r\n.fe_title {\r\n    max-height: 45px;\r\n    overflow: hidden;\r\n    font-size: 16px;\r\n    font-family: "微软雅黑";\r\n    color: #25D;\r\n}";s:2:"JS";s:0:"";}', '2013-07-14 10:50:47');

INSERT INTO `ts_system_config` ( `list`, `key`, `value`, `mtime`) VALUES
( 'pageKey', 'store_Admin_index', 'a:6:{s:3:"key";a:2:{s:3:"CSS";s:3:"CSS";s:2:"JS";s:2:"JS";}s:8:"key_name";a:2:{s:3:"CSS";s:0:"";s:2:"JS";s:0:"";}s:8:"key_type";a:2:{s:3:"CSS";s:8:"textarea";s:2:"JS";s:8:"textarea";}s:11:"key_default";a:2:{s:3:"CSS";s:0:"";s:2:"JS";s:0:"";}s:9:"key_tishi";a:2:{s:3:"CSS";s:72:"请将自定义样式粘贴在这里，作为对自定义模板的支持";s:2:"JS";s:114:"请将自定义JS粘贴在这里，作为对自定义模板的支持,请勿使用单引号，否则无法保存。";}s:14:"key_javascript";a:2:{s:3:"CSS";s:0:"";s:2:"JS";s:0:"";}}', '2013-06-28 16:20:51'),
( 'pageKey', 'store_Admin_entity', 'a:4:{s:3:"key";a:4:{s:9:"entity_id";s:9:"entity_id";s:4:"name";s:4:"name";s:5:"alias";s:5:"alias";s:2:"do";s:2:"do";}s:8:"key_name";a:4:{s:9:"entity_id";s:2:"ID";s:4:"name";s:6:"名称";s:5:"alias";s:6:"别名";s:2:"do";s:6:"操作";}s:10:"key_hidden";a:4:{s:9:"entity_id";s:1:"0";s:4:"name";s:1:"0";s:5:"alias";s:1:"0";s:2:"do";s:1:"0";}s:14:"key_javascript";a:4:{s:9:"entity_id";s:0:"";s:4:"name";s:0:"";s:5:"alias";s:0:"";s:2:"do";s:0:"";}}', '2013-06-30 15:38:38'),
( 'pageKey', 'store_Admin_field', 'a:4:{s:3:"key";a:6:{s:8:"field_id";s:8:"field_id";s:4:"name";s:4:"name";s:5:"alias";s:5:"alias";s:4:"sort";s:4:"sort";s:10:"input_type";s:10:"input_type";s:2:"do";s:2:"do";}s:8:"key_name";a:6:{s:8:"field_id";s:8:"字段ID";s:4:"name";s:9:"字段名";s:5:"alias";s:12:"字段别名";s:4:"sort";s:6:"排序";s:10:"input_type";s:12:"输入方式";s:2:"do";s:6:"操作";}s:10:"key_hidden";a:6:{s:8:"field_id";s:1:"0";s:4:"name";s:1:"0";s:5:"alias";s:1:"0";s:4:"sort";s:1:"0";s:10:"input_type";s:1:"0";s:2:"do";s:1:"0";}s:14:"key_javascript";a:6:{s:8:"field_id";s:0:"";s:4:"name";s:0:"";s:5:"alias";s:0:"";s:4:"sort";s:0:"";s:10:"input_type";s:0:"";s:2:"do";s:0:"";}}', '2013-07-01 07:21:37'),
( 'pageKey', 'store_Admin_info', 'a:4:{s:3:"key";a:5:{s:7:"info_id";s:7:"info_id";s:9:"entity_id";s:9:"entity_id";s:5:"value";s:5:"value";s:12:"entity_alias";s:12:"entity_alias";s:2:"do";s:2:"do";}s:8:"key_name";a:5:{s:7:"info_id";s:8:"信息ID";s:9:"entity_id";s:8:"实体ID";s:5:"value";s:15:"首字段内容";s:12:"entity_alias";s:12:"实体别名";s:2:"do";s:6:"操作";}s:10:"key_hidden";a:5:{s:7:"info_id";s:1:"0";s:9:"entity_id";s:1:"0";s:5:"value";s:1:"0";s:12:"entity_alias";s:1:"0";s:2:"do";s:1:"0";}s:14:"key_javascript";a:5:{s:7:"info_id";s:0:"";s:9:"entity_id";s:0:"";s:5:"value";s:0:"";s:12:"entity_alias";s:0:"";s:2:"do";s:0:"";}}', '2013-07-06 07:02:30'),
( 'pageKey', 'store_Admin_addField', 'a:6:{s:3:"key";a:13:{s:8:"field_id";s:8:"field_id";s:9:"entity_id";s:9:"entity_id";s:4:"name";s:4:"name";s:5:"alias";s:5:"alias";s:11:"over_hidden";s:11:"over_hidden";s:10:"input_type";s:10:"input_type";s:6:"option";s:6:"option";s:13:"default_value";s:13:"default_value";s:3:"tip";s:3:"tip";s:4:"args";s:4:"args";s:10:"can_search";s:10:"can_search";s:4:"sort";s:4:"sort";s:9:"can_empty";s:9:"can_empty";}s:8:"key_name";a:13:{s:8:"field_id";s:8:"字段ID";s:9:"entity_id";s:12:"所属实体";s:4:"name";s:9:"字段名";s:5:"alias";s:12:"字段别名";s:11:"over_hidden";s:12:"到期处理";s:10:"input_type";s:12:"输入方式";s:6:"option";s:12:"参数内容";s:13:"default_value";s:9:"默认值";s:3:"tip";s:12:"提示信息";s:4:"args";s:12:"节点参数";s:10:"can_search";s:12:"能够搜索";s:4:"sort";s:6:"排序";s:9:"can_empty";s:12:"是否必填";}s:8:"key_type";a:13:{s:8:"field_id";s:4:"word";s:9:"entity_id";s:6:"select";s:4:"name";s:4:"text";s:5:"alias";s:4:"text";s:11:"over_hidden";s:6:"select";s:10:"input_type";s:6:"select";s:6:"option";s:8:"textarea";s:13:"default_value";s:4:"text";s:3:"tip";s:4:"text";s:4:"args";s:8:"textarea";s:10:"can_search";s:6:"select";s:4:"sort";s:4:"text";s:9:"can_empty";s:6:"select";}s:11:"key_default";a:13:{s:8:"field_id";s:0:"";s:9:"entity_id";s:0:"";s:4:"name";s:0:"";s:5:"alias";s:0:"";s:11:"over_hidden";s:0:"";s:10:"input_type";s:0:"";s:6:"option";s:0:"";s:13:"default_value";s:0:"";s:3:"tip";s:0:"";s:4:"args";s:34:"need=1&min=1&error=请输入内容";s:10:"can_search";s:0:"";s:4:"sort";s:0:"";s:9:"can_empty";s:1:"0";}s:9:"key_tishi";a:13:{s:8:"field_id";s:0:"";s:9:"entity_id";s:0:"";s:4:"name";s:55:"必须为英文，用于模板输出，禁止使用name";s:5:"alias";s:21:"中文，用于显示";s:11:"over_hidden";s:0:"";s:10:"input_type";s:12:"输入形式";s:6:"option";s:40:"Json格式数据，请参考技术手册";s:13:"default_value";s:0:"";s:3:"tip";s:0:"";s:4:"args";s:18:"参考技术手册";s:10:"can_search";s:15:"可用于搜索";s:4:"sort";s:24:"整数，越大越靠前";s:9:"can_empty";s:0:"";}s:14:"key_javascript";a:13:{s:8:"field_id";s:0:"";s:9:"entity_id";s:0:"";s:4:"name";s:0:"";s:5:"alias";s:0:"";s:11:"over_hidden";s:0:"";s:10:"input_type";s:0:"";s:6:"option";s:0:"";s:13:"default_value";s:0:"";s:3:"tip";s:0:"";s:4:"args";s:0:"";s:10:"can_search";s:0:"";s:4:"sort";s:0:"";s:9:"can_empty";s:0:"";}}', '2013-07-07 10:34:26'),
( 'pageKey', 'store_Admin_com', 'a:4:{s:3:"key";a:6:{s:6:"com_id";s:6:"com_id";s:4:"user";s:4:"user";s:4:"info";s:4:"info";s:7:"content";s:7:"content";s:5:"cTime";s:5:"cTime";s:2:"Do";s:2:"Do";}s:8:"key_name";a:6:{s:6:"com_id";s:8:"评论ID";s:4:"user";s:12:"发表用户";s:4:"info";s:12:"所在信息";s:7:"content";s:6:"内容";s:5:"cTime";s:12:"发表时间";s:2:"Do";s:6:"操作";}s:10:"key_hidden";a:6:{s:6:"com_id";s:1:"0";s:4:"user";s:1:"0";s:4:"info";s:1:"0";s:7:"content";s:1:"0";s:5:"cTime";s:1:"0";s:2:"Do";s:1:"0";}s:14:"key_javascript";a:6:{s:6:"com_id";s:0:"";s:4:"user";s:0:"";s:4:"info";s:0:"";s:7:"content";s:0:"";s:5:"cTime";s:0:"";s:2:"Do";s:0:"";}}', '2013-07-14 08:25:19'),
( 'pageKey', 'store_Admin_addEntity', 'a:6:{s:3:"key";a:21:{s:9:"entity_id";s:9:"entity_id";s:4:"name";s:4:"name";s:5:"alias";s:5:"alias";s:8:"show_nav";s:8:"show_nav";s:9:"show_post";s:9:"show_post";s:10:"show_index";s:10:"show_index";s:4:"sort";s:4:"sort";s:3:"cat";s:3:"cat";s:12:"can_post_gid";s:12:"can_post_gid";s:12:"can_read_gid";s:12:"can_read_gid";s:8:"can_over";s:8:"can_over";s:10:"use_detail";s:10:"use_detail";s:10:"tpl_detail";s:10:"tpl_detail";s:8:"use_list";s:8:"use_list";s:8:"tpl_list";s:8:"tpl_list";s:4:"tpl1";s:4:"tpl1";s:4:"tpl2";s:4:"tpl2";s:4:"tpl3";s:4:"tpl3";s:4:"des1";s:4:"des1";s:4:"des2";s:4:"des2";s:4:"des3";s:4:"des3";}s:8:"key_name";a:21:{s:9:"entity_id";s:2:"ID";s:4:"name";s:9:"实体名";s:5:"alias";s:12:"实体别名";s:8:"show_nav";s:18:"显示在导航中";s:9:"show_post";s:18:"显示发布按钮";s:10:"show_index";s:15:"在首页显示";s:4:"sort";s:6:"排序";s:3:"cat";s:12:"分类目录";s:12:"can_post_gid";s:35:"允许发布该实体的用户组id";s:12:"can_read_gid";s:35:"允许阅读该实体的用户组id";s:8:"can_over";s:30:"是否允许设置截止日期";s:10:"use_detail";s:18:"使用详情模板";s:10:"tpl_detail";s:12:"详情模板";s:8:"use_list";s:18:"使用列表模板";s:8:"tpl_list";s:12:"列表模板";s:4:"tpl1";s:16:"自定义模板1";s:4:"tpl2";s:16:"自定义模板2";s:4:"tpl3";s:16:"自定义模板3";s:4:"des1";s:16:"自定义描述1";s:4:"des2";s:16:"自定义描述2";s:4:"des3";s:16:"自定义描述3";}s:8:"key_type";a:21:{s:9:"entity_id";s:4:"word";s:4:"name";s:4:"text";s:5:"alias";s:4:"text";s:8:"show_nav";s:6:"select";s:9:"show_post";s:6:"select";s:10:"show_index";s:6:"select";s:4:"sort";s:4:"text";s:3:"cat";s:6:"select";s:12:"can_post_gid";s:10:"stringText";s:12:"can_read_gid";s:10:"stringText";s:8:"can_over";s:6:"select";s:10:"use_detail";s:6:"select";s:10:"tpl_detail";s:8:"textarea";s:8:"use_list";s:6:"select";s:8:"tpl_list";s:8:"textarea";s:4:"tpl1";s:8:"textarea";s:4:"tpl2";s:8:"textarea";s:4:"tpl3";s:8:"textarea";s:4:"des1";s:6:"editor";s:4:"des2";s:6:"editor";s:4:"des3";s:6:"editor";}s:11:"key_default";a:21:{s:9:"entity_id";s:0:"";s:4:"name";s:0:"";s:5:"alias";s:0:"";s:8:"show_nav";s:1:"1";s:9:"show_post";s:1:"1";s:10:"show_index";s:1:"1";s:4:"sort";s:0:"";s:3:"cat";s:0:"";s:12:"can_post_gid";s:3:"1,3";s:12:"can_read_gid";s:3:"1,3";s:8:"can_over";s:0:"";s:10:"use_detail";s:2:"-1";s:10:"tpl_detail";s:0:"";s:8:"use_list";s:2:"-1";s:8:"tpl_list";s:0:"";s:4:"tpl1";s:0:"";s:4:"tpl2";s:0:"";s:4:"tpl3";s:0:"";s:4:"des1";s:0:"";s:4:"des2";s:0:"";s:4:"des3";s:0:"";}s:9:"key_tishi";a:21:{s:9:"entity_id";s:0:"";s:4:"name";s:27:"仅限英文，用于识别";s:5:"alias";s:30:"用于显示在前台的名称";s:8:"show_nav";s:27:"是否显示在导航栏中";s:9:"show_post";s:24:"是否显示发布按钮";s:10:"show_index";s:37:"是否在首页显示最新5条记录";s:4:"sort";s:45:"影响到在首页和导航栏的显示顺序";s:3:"cat";s:0:"";s:12:"can_post_gid";s:207:"输入后回车，0和不输入为所有用户。常用系统默认用户组ID： 1-管理员；2-巡逻员；3-正常用户；4-禁言用户；5-个人认证用户；6-企业认证用户；7-达人用户。";s:12:"can_read_gid";s:207:"输入后回车，0和不输入为所有用户。常用系统默认用户组ID： 1-管理员；2-巡逻员；3-正常用户；4-禁言用户；5-个人认证用户；6-企业认证用户；7-达人用户。";s:8:"can_over";s:45:"允许则可以设置到期后隐藏的字段";s:10:"use_detail";s:0:"";s:10:"tpl_detail";s:0:"";s:8:"use_list";s:0:"";s:8:"tpl_list";s:0:"";s:4:"tpl1";s:42:"选填，用于用户自定义显示样式";s:4:"tpl2";s:36:"选填，用于用户自定义样式";s:4:"tpl3";s:36:"选填，用于用户自定义样式";s:4:"des1";s:36:"选填，用于提示，模板调用";s:4:"des2";s:36:"选填，用于提示，模板调用";s:4:"des3";s:36:"选填，用于提示，模板调用";}s:14:"key_javascript";a:21:{s:9:"entity_id";s:0:"";s:4:"name";s:0:"";s:5:"alias";s:0:"";s:8:"show_nav";s:0:"";s:9:"show_post";s:0:"";s:10:"show_index";s:0:"";s:4:"sort";s:0:"";s:3:"cat";s:0:"";s:12:"can_post_gid";s:0:"";s:12:"can_read_gid";s:0:"";s:8:"can_over";s:0:"";s:10:"use_detail";s:0:"";s:10:"tpl_detail";s:0:"";s:8:"use_list";s:0:"";s:8:"tpl_list";s:0:"";s:4:"tpl1";s:0:"";s:4:"tpl2";s:0:"";s:4:"tpl3";s:0:"";s:4:"des1";s:0:"";s:4:"des2";s:0:"";s:4:"des3";s:0:"";}}', '2013-07-14 11:20:35');





CREATE TABLE IF NOT EXISTS `ts_cat` (
  `store_id` int(11) NOT NULL AUTO_INCREMENT,
  `title` varchar(100) NOT NULL,
  `sort` int(11) NOT NULL,
  `pid` int(11) NOT NULL,
  `ext` text NOT NULL,
  PRIMARY KEY (`store_id`)
) TYPE=MyISAM  AUTO_INCREMENT=5 ;

INSERT INTO `ts_cat` (`store_id`, `title`, `sort`, `pid`, `ext`) VALUES
(3, '商品', 2, 0, ''),
(2, '兼职', 1, 0, ''),
(4, '人才', 3, 0, '');

CREATE TABLE IF NOT EXISTS `ts_store_com` (
  `com_id` int(11) NOT NULL AUTO_INCREMENT,
  `uid` int(11) NOT NULL,
  `cTime` int(11) NOT NULL,
  `content` text NOT NULL,
  `info_id` int(11) NOT NULL,
  PRIMARY KEY (`com_id`)
) TYPE=MyISAM  AUTO_INCREMENT=14 ;

CREATE TABLE IF NOT EXISTS `ts_store_data` (
  `data_id` int(11) NOT NULL AUTO_INCREMENT,
  `field_id` int(11) NOT NULL,
  `value` text NOT NULL,
  `info_id` int(11) NOT NULL,
  PRIMARY KEY (`data_id`)
) TYPE=MyISAM  AUTO_INCREMENT=514 ;

INSERT INTO `ts_store_data` (`data_id`, `field_id`, `value`, `info_id`) VALUES
(499, 56, '第 1-4 层，共 4 层', 70),
(500, 57, '-1', 70),
(86, 4, '<p style="color:#444444;font-family:''Microsoft YaHei'', Arial, Helvetica, sans-serif, Simsun;font-size:16px;background-color:#FFFFFF;">\n	&nbsp;1、对公司人力资源管理制度有效执行负责；\n</p>\n<p style="color:#444444;font-family:''Microsoft YaHei'', Arial, Helvetica, sans-serif, Simsun;font-size:16px;background-color:#FFFFFF;">\n	&nbsp;2、对实现人力资源规划目标负责；\n</p>\n<p style="color:#444444;font-family:''Microsoft YaHei'', Arial, Helvetica, sans-serif, Simsun;font-size:16px;background-color:#FFFFFF;">\n	&nbsp;3、对公司招聘、培训、薪资、绩效等各项计划的实现程度负责；\n</p>\n<p style="color:#444444;font-family:''Microsoft YaHei'', Arial, Helvetica, sans-serif, Simsun;font-size:16px;background-color:#FFFFFF;">\n	&nbsp;4、对公司人力资源管理的风险有预见意见；\n</p>\n<p style="color:#444444;font-family:''Microsoft YaHei'', Arial, Helvetica, sans-serif, Simsun;font-size:16px;background-color:#FFFFFF;">\n	&nbsp;5、对公司人力资源流程、团队建设、及员工关系等人力资源管理负责；\n</p>', 12),
(79, 1, '人力资源总监', 12),
(80, 5, '微软大中华区', 12),
(81, 2, '20', 12),
(82, 3, '2', 12),
(83, 6, '1888888888', 12),
(84, 7, 'abc@qq.com', 12),
(85, 8, '5', 12),
(78, 4, '<span style="color:#333333;font-family:Arial, Helvetica, sans-serif;line-height:20px;background-color:#F2F8FB;">1，尽量详细的介绍关于即将发布职位的信息，让应聘者在第一时间了解更多关于企业的信息</span><br />\r\n<br />\r\n<span style="color:#333333;font-family:Arial, Helvetica, sans-serif;line-height:20px;background-color:#F2F8FB;">2，在职位描述中填写关于职位的就职要求，公司其他待遇之类，可以吸引应聘者的信息。为了展示更多信息，在职位描述中可以附图，图文并茂最佳。</span><br />', 11),
(77, 8, '5', 11),
(76, 7, 'yhtt2020@foxmail.com', 11),
(75, 6, '浙江杭州江干区', 11),
(74, 3, '30', 11),
(73, 2, '3', 11),
(72, 5, '梦想天空工作室', 11),
(71, 1, '产品经理', 11),
(467, 26, '这条是测试公告。请在后台找到该信息，修改掉。', 55),
(495, 53, '9', 70),
(496, 52, '9', 70),
(492, 49, '2', 70),
(497, 54, '9', 70),
(498, 55, '480', 70),
(493, 50, '1', 70),
(494, 51, '长河街道长一社区花园', 70),
(466, 71, '一天，日结，80', 72),
(465, 28, '188888888', 72),
(464, 27, '杭州下城区', 72),
(357, 38, '3333333333333333333', 60),
(356, 37, '2727272727', 60),
(355, 36, '1888888888', 60),
(354, 35, '70', 60),
(353, 34, '180', 60),
(352, 33, '浙江杭州', 60),
(351, 32, '发传单', 60),
(350, 44, '287', 60),
(349, 31, '1373904000', 60),
(348, 30, '1', 60),
(347, 29, '陈枫', 60),
(501, 58, '-1', 70),
(502, 59, '南', 70),
(503, 60, '面议', 70),
(504, 61, '预付1年', 70),
(505, 63, '整栋4层出租 16个单间带独立卫生间', 70),
(506, 64, '296', 70),
(507, 65, '297', 70),
(508, 66, '298', 70),
(509, 67, '', 70),
(510, 68, '', 70),
(511, 69, '188888888', 70),
(512, 70, '肖先生', 70),
(513, 13, '<div class="peizhi" style="border:1px solid #F0F0F0;font-family:Arial, simsun, sans-serif, 宋体;font-size:14px;margin:0px;padding:6px 9px;vertical-align:baseline;color:#333333;background-color:#FFFFFF;">\r\n	<strong>房屋配置：</strong><span style="font-style:inherit;vertical-align:baseline;line-height:30px;">床</span><span style="font-style:inherit;vertical-align:baseline;line-height:30px;">衣柜</span><span style="font-style:inherit;vertical-align:baseline;line-height:30px;">空调</span><span style="font-style:inherit;vertical-align:baseline;line-height:30px;">热水器</span> \r\n</div>\r\n<div class="cur" style="border:0px;font-family:Arial, simsun, sans-serif, 宋体;font-size:14px;margin:0px;padding:0px 10px;vertical-align:baseline;color:#333333;background-color:#FFFFFF;">\r\n	<div class="descriptionBox " style="border:0px;font-style:inherit;margin:20px auto;padding:0px;vertical-align:baseline;">\r\n		<p style="font-style:inherit;vertical-align:baseline;">\r\n			（滨城<a class="kw_link" target="_blank" href="http://hz.58.com/sou/jh_%E6%88%BF%E4%BA%A7/">房产</a>）<a class="kw_link" target="_blank" href="http://hz.58.com/sou/jh_%E6%95%B4%E6%A0%8B/">整栋</a><a class="kw_link" target="_blank" href="http://hz.58.com/sou/jh_%E5%87%BA%E7%A7%9F/">出租</a>，16个<a class="kw_link" target="_blank" href="http://hz.58.com/sou/jh_%E5%8D%95%E9%97%B4/">单间</a>带<a class="kw_link" target="_blank" href="http://hz.58.com/sou/jh_%E7%8B%AC%E7%AB%8B%E5%8D%AB%E7%94%9F%E9%97%B4/">独立卫生间</a>。适合公司员工做<a class="kw_link" target="_blank" href="http://hz.58.com/sou/jh_%E5%AE%BF%E8%88%8D/">宿舍</a>。价格还可以面谈。单层面积120平方。共四层。有架空层。\r\n		</p>\r\n		<p class="mb20" style="font-style:inherit;vertical-align:baseline;">\r\n			联系我时，请说是在58同城上看到的，谢谢！\r\n		</p>\r\n	</div>\r\n	<div class="descriptionImg" style="border:0px;font-style:inherit;margin:0px;padding:0px;vertical-align:baseline;">\r\n		<img src="http://3.pic.58control.cn/p1/big/n_s11770069478113815.jpg" /><img src="http://4.pic.58control.cn/p1/big/n_s11770069685731353.jpg" /><img src="http://2.pic.58control.cn/p1/big/n_s01770069706493465.jpg" /><img src="http://4.pic.58control.cn/p1/big/n_s01770069914501145.jpg" /> \r\n	</div>\r\n</div>', 70),
(440, 62, '凤起路地铁口 邻近杭高和丝绸城 精装公寓 带厨房和超大阳台', 71),
(441, 49, '1', 71),
(442, 50, '1', 71),
(443, 51, '凤起都市花园 ', 71),
(444, 53, '1', 71),
(445, 52, '1', 71),
(446, 54, '1', 71),
(447, 55, '50', 71),
(448, 56, '第 6 层，共 11 层', 71),
(449, 57, '1', 71),
(450, 58, '2', 71),
(451, 59, '南', 71),
(452, 60, '3500元/月', 71),
(453, 61, '押1付1', 71),
(454, 63, '建国北路 庆春路 凤起路 凤起都市花园 新华路 青蓝小学 东清巷新华坊', 71),
(455, 64, '299', 71),
(456, 65, '', 71),
(457, 66, '', 71),
(458, 67, '', 71),
(459, 68, '', 71),
(460, 69, '1999999999', 71),
(461, 70, '罗先生', 71),
(462, 13, '<div class="descriptionBox " style="border:0px;font-family:Arial, simsun, sans-serif, 宋体;font-size:14px;margin:20px auto;padding:0px;vertical-align:baseline;color:#333333;background-color:#FFFFFF;">\r\n	<p style="font-style:inherit;vertical-align:baseline;">\r\n		<span style="font-style:inherit;font-weight:bold;vertical-align:baseline;color:#FF0000;text-decoration:underline;">现在<a class="kw_link" target="_blank" href="http://hz.58.com/sou/jh_%E7%A7%9F%E6%88%BF/">租房</a>可以每月付款啦~~机会不多好好把握哦&nbsp;<br />\r\n</span><br />\r\n<span style="font-style:inherit;font-weight:bold;vertical-align:baseline;color:#FF0000;text-decoration:underline;">欢迎光临！&nbsp;<br />\r\n盛世管家 宝善 片区专业租赁经纪人 陈丽娟 的网络！为答谢新老客户，&nbsp;<br />\r\n盛世管家推出租房返现计划：若您承租我公司“管家房”，付款方式为年付的可以免5天房租所有承租“管家房”租户，&nbsp;</span><br />\r\n报修后可享受盛世管家物管部提供的24小时内专业快速维修服务&nbsp;<br />\r\n房源介绍；&nbsp;<br />\r\n<br />\r\n~~~<br />\r\n为了祖国的花朵——公司推出学生季：即日起在我司租房的学生&nbsp; 持学生证或应届毕业生 租金可<a class="kw_link" target="_blank" href="http://hz.58.com/sou/jh_%E6%9C%88%E4%BB%98/">月付</a>&nbsp;<br />\r\n凤起都市花园位于凤起路新华路口，对面就是环北丝绸城和杭州高级中学，邻近浙一医院，地理位置好，生活方便。&nbsp;<br />\r\n花园式小区，不同于一般的单身公寓，<span style="font-style:inherit;font-weight:bold;vertical-align:baseline;color:#FF0000;text-decoration:underline;">它是纯高档住宅，标准一房一厅，<a class="kw_link" target="_blank" href="http://hz.58.com/sou/jh_%E6%9C%9D%E5%8D%97/">朝南</a>带一个超大<a class="kw_link" target="_blank" href="http://hz.58.com/sou/jh_%E9%98%B3%E5%8F%B0/">阳台</a>，解决了单身公寓的洗晒问题，厨房烧管道煤气，既有单身公寓的高档安全又有普通住宅的温馨舒适。&nbsp;<br />\r\n高级白领居家不二选择。</span>&nbsp;<br />\r\n<br />\r\n<span style="font-style:inherit;vertical-align:baseline;color:#FF6600;">公交四通八达、去城站火车站、武林<a class="kw_link" target="_blank" href="http://hz.58.com/sou/jh_%E5%B9%BF%E5%9C%BA/">广场</a>、吴山广场、银泰都很方便的&nbsp;<br />\r\n杭州租房就找盛世管家小陈！&nbsp;</span><br />\r\n&nbsp;是因为这个楼盘不限购！我一个来自温州的客户（一个家族）一起买了10套、现在<a class="kw_link" target="_blank" href="http://hz.58.com/sou/jh_%E5%87%BA%E7%A7%9F/">出租</a>了还剩下6套、并且价格都低于市场价格、要想租到好房的租客抓住机会、赶紧联系看房子吧！&nbsp;<br />\r\n公司优势&nbsp;<br />\r\n盛世管家是杭州租房蕞为专业的经纪公司。 2009年公司首创了租赁业务事业部管理的系统操作模式，之后被许多国内同行所效仿。目前盛世管家有200多位专业租赁经纪人提供租房服务，近4000套管家房，上万套出租房源可供客户选择，每年为杭州十万余客户提供“双快”租房服务，盛世管家，打造杭州蕞为优质周到的租房服务！\r\n	</p>\r\n	<p class="mb20" style="font-style:inherit;vertical-align:baseline;">\r\n		联系我时，请说是在58同城上看到的，谢谢！\r\n	</p>\r\n</div>\r\n<div class="descriptionImg" style="border:0px;font-family:Arial, simsun, sans-serif, 宋体;font-size:14px;margin:0px;padding:0px;vertical-align:baseline;color:#333333;background-color:#FFFFFF;">\r\n	<img src="http://4.pic.58control.cn/p1/big/n_s11826950355323418.jpg" /><img src="http://1.pic.58control.cn/p1/big/n_s01826950366956823.jpg" /><img src="http://1.pic.58control.cn/p1/big/n_s11826950376275993.jpg" /><img src="http://2.pic.58control.cn/p1/big/n_s11826950386663705.jpg" /><img src="http://3.pic.58control.cn/p1/big/n_s11826950385910810.jpg" /><img src="http://4.pic.58control.cn/p1/big/n_s11826950394415642.jpg" /><img src="http://4.pic.58control.cn/p1/big/n_s11826950413337368.jpg" />\r\n</div>', 71),
(463, 21, '康师傅推广员', 72),
(342, 42, '2,3', 66),
(341, 41, '1699200', 66),
(340, 40, '挖的', 66),
(339, 39, '1', 66),
(338, 38, '阿瓦达', 66),
(337, 37, '挖的', 66),
(336, 36, '阿瓦达', 66),
(335, 35, '阿瓦达', 66),
(334, 34, '挖的', 66),
(333, 33, '的哇', 66),
(332, 32, '的哇', 66),
(331, 44, '286', 66),
(330, 31, '489600', 66),
(329, 30, '1', 66),
(328, 29, '打完', 66),
(343, 45, '2', 66),
(344, 46, '2,8', 66),
(345, 47, '挖的', 66),
(346, 48, '挖的', 66),
(358, 39, '1', 60),
(359, 40, '自我介绍暂时不想填', 60),
(360, 41, '685296000', 60),
(361, 42, '1,3,5,7', 60),
(362, 45, '4', 60),
(363, 46, '4,5,10', 60),
(364, 47, '非常棒', 60),
(365, 48, '杭州吧', 60),
(491, 62, '长河长河街道长一 9室9厅480平米 简单装修 押一付三', 70);

CREATE TABLE IF NOT EXISTS `ts_store_entity` (
  `entity_id` int(11) NOT NULL AUTO_INCREMENT,
  `name` varchar(30) NOT NULL,
  `can_post_gid` varchar(50) NOT NULL,
  `can_read_gid` varchar(50) NOT NULL,
  `tpl3` text NOT NULL,
  `tpl1` text NOT NULL,
  `tpl2` text NOT NULL,
  `alias` varchar(20) NOT NULL,
  `tpl_detail` text NOT NULL,
  `tpl_list` text NOT NULL,
  `use_detail` int(11) NOT NULL,
  `use_list` int(11) NOT NULL,
  `des1` text NOT NULL,
  `des2` text NOT NULL,
  `des3` text NOT NULL,
  `can_over` int(11) NOT NULL COMMENT '允许设置截止日期',
  `show_nav` int(11) NOT NULL,
  `show_post` int(11) NOT NULL,
  `show_index` int(11) NOT NULL,
  `sort` int(11) NOT NULL,
  PRIMARY KEY (`entity_id`)
) TYPE=MyISAM  AUTO_INCREMENT=8 ;

INSERT INTO `ts_store_entity` (`entity_id`, `name`, `can_post_gid`, `can_read_gid`, `tpl3`, `tpl1`, `tpl2`, `alias`, `tpl_detail`, `tpl_list`, `use_detail`, `use_list`, `des1`, `des2`, `des3`, `can_over`, `show_nav`, `show_post`, `show_index`, `sort`) VALUES
(1, 'job', '3,1', '3,1', '', '<div class="mb10 pd10 underline">\r\n<div class="mb10"><a href="{$[url]}" class="f16px cblue" style="margin-right:10px">{$name}</a> <span class="cgrey f14px">待遇：{$reward}  \r\n工作地点： {$place}</span></div>\r\n<div class="store_ul_tm mb10">{$[cTime]}</div>\r\n<div class="store_des">{$des}\r\n</div>\r\n\r\n<div class="store_head_pic"><a target="_blank" href="{$[user_space_url]}" event-node="face_card" uid="{$[user_uid]}"><img class="store_head_size" src="{$[user_avatar_middle]}"><br/>\r\n<div class="store_uname">{$[user_uname]}</a></div>\r\n</div>\r\n<div class="clearfix"/>\r\n\r\n</div>', '<a href="{$[url]}">{$name}</a>', '岗位', '<div id="col5" class="left store_yunmai_d_left">\r\n<div class="pd20">\r\n<h2 class="store_yunme_title">\r\n{$j_name}\r\n</h2>\r\n<div class="c999 mt5">\r\n{$[cTime]}\r\n</div>\r\n<div class="br5 store_yunmai_det">\r\n<ul>\r\n<li class="store_yunmai_co">公司名称：{$company}</li>\r\n<li>工作地点：{$place}</li>\r\n<li>薪资待遇：{$reward}</li>\r\n<li>招聘人数：{$num}</li>\r\n<li>EMail:{$email}</li>\r\n</ul>\r\n<div class="clearfix"></div>\r\n</div>\r\n<h3 class="store_yunmai_title">\r\n职位描述：\r\n</h3>\r\n<div class="store_yunmai_des">\r\n{$des}\r\n</div>\r\n<div class="clearfix underline mb10 mt10"></div>\r\n{$[fav_btn]}\r\n</div>\r\n</div>\r\n<div id="col3" class="left ">\r\n<div class="pd20">\r\n<div class=""><a target="_blank" class="left mr10" href="{$[user_space_url]}" event-node="face_card" uid="{$[user_uid]}"><img class="br3" src="{$[user_avatar_small]}"><br/>\r\n<div class="store_uname" style="text-align:left">{$[user_uname]}</a>\r\n<br/>\r\n<span class="c333">{$[user_location]}</span>\r\n</div>\r\n\r\n</div>\r\n</div></div>\r\n<div class="clearfix"></div>', '<div class="mb10 pd10 underline">\r\n<div class="mb10"><a target="_blank" href="{$[url]}" class="f16px cblue" style="margin-right:10px">{$j_name}</a> <span class="cgrey f14px">待遇：{$reward}  \r\n工作地点： {$place}</span>\r\n  {$[fav_btn]}\r\n</div>\r\n<div class="store_ul_tm mb10">{$[cTime]}</div>\r\n<div class="store_des ">{$des}\r\n\r\n</div>\r\n\r\n<div class="store_head_pic"><a target="_blank" href="{$[user_space_url]}" event-node="face_card" uid="{$[user_uid]}"><img class="store_head_size" src="{$[user_avatar_middle]}"><br/>\r\n<div class="store_uname">{$[user_uname]}</a></div>\r\n</div>\r\n<div class="clearfix"/>\r\n\r\n\r\n</div>', -1, 0, '<div class="right_box">\r\n	<div class="boxInvite br5">\r\n		<h3>\r\n			小提示\r\n		</h3>\r\n云招聘时代，宗旨是更开放，更分享，更合理，如何更好的发布职位动态，云招聘来给您支几招：<br />\r\n<br />\r\n1，尽量详细的介绍关于即将发布职位的信息，让应聘者在第一时间了解更多关于企业的信息<br />\r\n<br />\r\n2，在职位描述中填写关于职位的就职要求，公司其他待遇之类，可以吸引应聘者的信息。为了展示更多信息，在职位描述中可以附图，图文并茂最佳。<br />\r\n	</div>\r\n</div>', '0', '', 0, 1, 1, 1, 0),
(2, 'home', '0', '0', '', '<div class="fe_main">\r\n<div class="left mg10"><img src="{$zhaopian1}" class="pic1"></div>\r\n        <div class="left mg10 fe_detail">\r\n            <div class="fe_title mb10"><a href="{$[url]}" target="_blank">{$biaoti}</a></div>\r\n            <div class="fe_p">\r\n                {$yijuhua}<br/>{$daxiao}平米\r\n\r\n            </div>\r\n\r\n        </div>\r\n        <div class="left mg10 fe_m">\r\n            <div class="fe_money">\r\n                {$zujin}\r\n            </div>\r\n            <div class="fe_det">\r\n                {$shi}室{$ting}厅{$wei}卫\r\n            </div>\r\n        </div>\r\n        <div class="left mg10 fe_time">\r\n            {$[cTime]}\r\n        </div>\r\n<div class="clearfix"></div>\r\n</div>', '', '房产', '', '<div class="mb10 pd10 underline">\r\n<div class="mb10"><a href="{$[url]}" class="f16px cblue" style="margin-right:10px">{$title}</a> <span class="cgrey f14px">租金：{$money}  \r\n形式： {$home_type}</span></div>\r\n<div class="store_ul_tm mb10">{$[cTime]}</div>\r\n<div class="store_des">{$des}</div><div class="store_head_pic"><a target="_blank" href="{$[user_space_url]}" event-node="face_card" uid="{$[user_uid]}"><img class="store_head_size" src="{$[user_avatar_middle]}"><br/>\r\n<div class="store_uname">{$[user_uname]}</a></div>\r\n</div>\r\n<div class="clearfix"/>\r\n\r\n</div>', -1, 1, '', '0', '', 1, 1, 1, 1, 500),
(3, 'jianzhi', '0', '0', '', '', '', '兼职', '', '', -1, -1, '', '', '', 1, 1, 1, 1, 0),
(5, 'gg', '1', '0', '', '', '', '公告', '', '<div class="mb10" style="margin-bottom:10px;font-size:14px;border-radius: 5px;background-color: ivory;\r\nborder: 1px solid #EAE8A0;padding:10px;line-height:18px"><span style="color:red">【公告】</span>{$des}</div>', -1, 0, '', '', '', 0, 1, 1, 0, 0),
(6, 'jianli', '0', '0', '', '', '', '简历', '', '<div>a{$xingbie}</div>\r\n<a href="{$[url]}">{$xingming}</a>\r\n空闲的上午{$shangwukongxian}', -1, -1, '<p>\r\n	<br />\r\n</p>', '', '', 0, 0, 1, 0, 0);

CREATE TABLE IF NOT EXISTS `ts_store_fav` (
  `fav_id` int(11) NOT NULL AUTO_INCREMENT,
  `uid` int(11) NOT NULL,
  `cTime` int(11) NOT NULL,
  `info_id` int(11) NOT NULL,
  PRIMARY KEY (`fav_id`)
) TYPE=MyISAM  AUTO_INCREMENT=61 ;

CREATE TABLE IF NOT EXISTS `ts_store_field` (
  `field_id` int(11) NOT NULL AUTO_INCREMENT,
  `input_type` int(11) NOT NULL,
  `option` text NOT NULL,
  `limit1` varchar(500) NOT NULL,
  `limit2` varchar(500) NOT NULL,
  `limit3` varchar(500) NOT NULL,
  `limit4` varchar(500) NOT NULL,
  `can_search` int(11) NOT NULL,
  `alias` varchar(30) NOT NULL,
  `name` varchar(20) NOT NULL,
  `entity_id` int(11) NOT NULL,
  `sort` int(11) NOT NULL,
  `can_empty` int(11) NOT NULL,
  `over_hidden` int(11) NOT NULL COMMENT '到期后自动隐藏',
  `default_value` text NOT NULL,
  `tip` text NOT NULL,
  `args` text NOT NULL,
  PRIMARY KEY (`field_id`)
) TYPE=MyISAM  AUTO_INCREMENT=72 ;

INSERT INTO `ts_store_field` (`field_id`, `input_type`, `option`, `limit1`, `limit2`, `limit3`, `limit4`, `can_search`, `alias`, `name`, `entity_id`, `sort`, `can_empty`, `over_hidden`, `default_value`, `tip`, `args`) VALUES
(1, 0, '', '', '', '', '', 1, '岗位名', 'j_name', 1, 1000, 0, 0, '', '岗位名称', 'min=2&max=20&error=必须输入2-20个汉字'),
(2, 2, '{"tip":"选择待遇","data":{"0":"1000-2000元","1":"2001-5000元","20":"5001-20000元","3":"面议"}}', '', '', '', '', 1, '待遇', 'reward', 1, 0, 0, 0, '', '', 'need=1&error=必须选择待遇'),
(3, 2, '{"tip":"请选择城市","data":{"1":"杭州","2":"北京","30":"印度"}}', '', '', '', '', 1, '地点', 'place', 1, 0, 0, 0, '', '', 'need=1&error=必须选择地点'),
(4, 6, '', '', '', '', '', 1, '描述', 'des', 1, -4, 1, 0, '', '', ''),
(5, 0, '', '', '', '', '', 1, '公司名称', 'company', 1, 2, 0, 0, '', '', 'min=4&max=40&error=只能输入4-40个汉字'),
(6, 0, '', '', '', '', '', 0, '联系方式', 'phone', 1, 0, 0, 0, '', '', 'min=1&error=必须填写联系方式'),
(7, 0, '', '', '', '', '', 0, 'Email', 'email', 1, 0, 0, 0, '', '', 'min=1&error=必须填写电子邮箱'),
(8, 0, '', '', '', '', '', 1, '招聘人数', 'num', 1, 0, 0, 0, '', '', 'min=1&error=必须填写招聘人数'),
(53, 0, '', '', '', '', '', 1, '室', 'shi', 2, 997, 0, 0, '', '', 'need=1&min=1&error=请输入内容'),
(54, 0, '', '', '', '', '', 1, '卫', 'wei', 2, 996, 0, 0, '', '', 'need=1&min=1&error=请输入内容'),
(55, 0, '', '', '', '', '', 0, '大小', 'daxiao', 2, 995, 0, 0, '', '平米', 'need=1&min=1&error=请输入内容'),
(56, 0, '', '', '', '', '', 1, '楼层', 'louceng', 2, 992, 0, 0, '第  层，共  层', '写清楚第几层，共几层', 'need=1&min=1&error=请输入内容'),
(13, 6, '', '', '', '', '', 0, '描述', 'des', 2, 0, 1, 0, '', '', ''),
(21, 0, '', '', '', '', '', 1, '标题', 'title', 3, 1000, 0, 0, '', '请输入标题', 'min=1&error=请输入内容'),
(26, 6, '', '', '', '', '', 0, '内容', 'des', 5, 0, 0, 0, '', '', 'min=1&error=请输入内容'),
(71, 6, '', '', '', '', '', 1, '介绍', 'jieshao', 3, -999, 0, 0, '', '', 'need=1&min=1&error=请输入内容'),
(27, 0, '', '', '', '', '', 1, '工作地点', 'pos', 3, 0, 0, 0, '', '', 'min=1&error=请输入内容'),
(28, 0, '', '', '', '', '', 0, '联系方式', 'contact', 3, 0, 0, 1, '', '', 'min=1&error=请输入内容'),
(29, 0, '', '', '', '', '', 0, '姓名', 'xingming', 6, 100, 0, 0, '', '2-10个汉字', 'min=2&max=10&error=请输入姓名,2-10个汉字'),
(30, 3, '{"1":"男","2":"女"}', '', '', '', '', 1, '性别', 'xingbie', 6, 99, 0, 0, '', '', 'need=1&error=请选择性别'),
(31, 5, '', '', '', '', '', 0, '加入日期', 'jiaruriqi', 6, 99, 0, 0, '', '', 'need=1&error=请选择加入日期'),
(32, 1, '', '', '', '', '', 0, '兼职经历', 'jianzhijingli', 6, 98, 0, 0, '', '请把自己的兼职经历填写一下', 'min=1&error=请输入内容'),
(33, 0, '', '', '', '', '', 0, '户籍地址', 'hujidizhi', 6, 95, 0, 0, '', '', 'min=1&error=请输入内容'),
(34, 0, '', '', '', '', '', 0, '身高', 'shengao', 6, 91, 0, 0, '', 'cm', 'min=1&error=请输入内容'),
(35, 0, '', '', '', '', '', 0, '体重', 'tizhong', 6, 90, 0, 0, '', 'kg', 'min=1&error=请输入内容'),
(36, 0, '', '', '', '', '', 0, '手机号码', 'shoujihaoma', 6, 90, 0, 0, '', '', 'min=1&error=请输入内容'),
(37, 0, '', '', '', '', '', 0, 'QQ号码', 'qqhaoma', 6, 89, 0, 0, '', '', 'min=1&error=请输入内容'),
(38, 0, '', '', '', '', '', 0, '身份证号', 'shenfenzhenghao', 6, 87, 0, 0, '', '', 'min=1&error=请输入内容'),
(39, 3, '{"1":"有","2":"无"}', '', '', '', '', 0, '有无电脑', 'youwudiannao', 6, 85, 0, 0, '', '', 'need=1&error=请输入内容'),
(40, 6, '', '', '', '', '', 0, '自我介绍', 'ziwojieshao', 6, 84, 0, 0, '', '用一句话介绍自己', 'need=1&min=1&error=请输入内容'),
(41, 5, '', '', '', '', '', 0, '生日', 'shengri', 6, 84, 0, 0, '', '', 'need=1&min=1&error=请输入内容'),
(42, 4, '{"1":"周一","2":"周二","3":"周三","4":"周四","5":"周五","6":"周六","7":"周日"}', '', '', '', '', 1, '空闲上午', 'shangwukongxian', 6, 70, 0, 0, '', '选择有空的时间', 'need=1&min=1&error=请输入内容'),
(43, 4, '{"1":"参数1","2":"参数2","3":"参数3"}', '', '', '', '', 1, '多选', 'duoxuan', 7, 0, 0, 0, '', '', 'need=1&min=1&error=请输入内容'),
(44, 7, '', '', '', '', '', 0, '个人照片', 'zhaopian', 6, 99, 0, 0, '', '个人照片，清晰免冠照', 'need=1&min=1&error=请输入内容'),
(45, 4, '{"1":"周一","2":"周二","3":"周三","4":"周四","5":"周五","6":"周六","7":"周日"}', '', '', '', '', 1, '下午有空', 'xiawuyoukong', 6, 0, 0, 0, '', '', 'need=1&min=1&error=请输入内容'),
(46, 4, '{"1":"发单","2":"派发","3":"促销","4":"市调","5":"礼仪","6":"模特","7":"舞蹈","8":"歌手","9":"乐器","10":"校园代理","11":"服从调配"}', '', '', '', '', 1, '兼职意向', 'jianzhiyixiang', 6, 0, 0, 0, '', '', 'need=1&min=1&error=请输入内容'),
(47, 0, '', '', '', '', '', 1, '期望待遇', 'qiwangdaiyu', 6, 0, 0, 0, '', '', 'need=1&min=1&error=请输入内容'),
(48, 0, '', '', '', '', '', 0, '未来发展城市', 'weilaifazhan', 6, 0, 0, 0, '', '', 'need=1&min=1&error=请输入内容'),
(49, 3, '{"1":"个人","2":"中介"}', '', '', '', '', 1, '身份', 'shenfen', 2, 1000, 0, 0, '', '', 'need=1&min=1&error=请选择身份'),
(50, 3, '{"1":"整套出租","2":"单间出租","3":"床位出租"}', '', '', '', '', 1, '出租方式', 'fangshi', 2, 999, 0, 0, '', '', 'need=1&min=1&error=请选择出租方式'),
(51, 0, '', '', '', '', '', 1, '小区名称', 'xiaoqu', 2, 998, 0, 0, '', '', 'need=1&min=1&error=请输入内容'),
(52, 0, '', '', '', '', '', 1, '厅', 'ting', 2, 997, 0, 0, '', '', 'need=1&min=1&error=请输入内容'),
(57, 2, '{"tip":"请选择类型","data":{"1":"普通住宅","2":"商住两用","3":"公寓","4":"平房","5":"别墅","6":"其他"}}', '', '', '', '', 1, '类型', 'leixing', 2, 991, 1, 0, '', '', ''),
(58, 2, '{"tip":"装修情况","data":{"1":"毛坯","2":"简单装修","3":"中等装修","4":"精装修","5":"豪华装修"}}', '', '', '', '', 1, '装修情况', 'zhuangxiu', 2, 988, 1, 0, '', '', ''),
(59, 0, '', '', '', '', '', 1, '朝向', 'chaoxiang', 2, 977, 0, 0, '', '', 'need=1&min=1&error=请选择朝向'),
(60, 0, '', '', '', '', '', 1, '租金', 'zujin', 2, 955, 0, 0, '面议', '最好写清楚价格', 'need=1&min=1&error=请输入内容'),
(61, 0, '', '', '', '', '', 0, '支付方式', 'zhifu', 2, 944, 0, 0, '', '写清楚押几付几', 'need=1&min=1&error=请输入内容'),
(62, 0, '', '', '', '', '', 1, '标题', 'biaoti', 2, 99999, 0, 0, '', '', 'need=1&min=1&error=请输入内容'),
(63, 0, '', '', '', '', '', 0, '一句话广告', 'yijuhua', 2, 901, 0, 0, '', '', 'need=1&min=1&error=请输入内容'),
(64, 7, '', '', '', '', '', 0, '照片1', 'zhaopian1', 2, 889, 1, 0, '', '', ''),
(65, 7, '', '', '', '', '', 0, '照片2', 'zhaopian2', 2, 888, 1, 0, '', '', ''),
(66, 7, '', '', '', '', '', 0, '照片3', 'zhaopian3', 2, 887, 1, 0, '', '', ''),
(67, 7, '', '', '', '', '', 0, '照片4', 'zhaopian4', 2, 886, 1, 0, '', '', ''),
(68, 7, '', '', '', '', '', 0, '照片5', 'zhaopian5', 2, 885, 1, 0, '', '', ''),
(69, 0, '', '', '', '', '', 0, '联系电话', 'lianxidianhua', 2, 884, 0, 1, '', '输入手机或者座机号码', 'need=1&min=1&error=请输入内容'),
(70, 0, '', '', '', '', '', 0, '联系人', 'lianxiren', 2, 883, 0, 0, '', '联系人的称呼', 'need=1&min=1&error=请输入');

CREATE TABLE IF NOT EXISTS `ts_Goods` (
  `info_id` int(11) NOT NULL AUTO_INCREMENT,
  `uid` int(11) NOT NULL,
  `cTime` int(11) NOT NULL,
  `read` int(11) NOT NULL,
  `sub` int(11) NOT NULL,
  `entity_id` int(11) NOT NULL,
  `over_time` int(11) NOT NULL COMMENT '截止时间',
  `rate` float NOT NULL,
  PRIMARY KEY (`info_id`)
) TYPE=MyISAM  AUTO_INCREMENT=73 ;

INSERT INTO `ts_Goods` (`info_id`, `uid`, `cTime`, `read`, `sub`, `entity_id`, `over_time`, `rate`) VALUES
(71, 1, 1373798899, 6, 0, 2, 1374508800, 0),
(12, 1, 1372671969, 20, 0, 1, 0, 0),
(11, 1, 1372669760, 2, 0, 1, 0, 0),
(55, 1, 1373799823, 2, 0, 5, 0, 0),
(70, 1, 1373800978, 17, 0, 2, 1357574400, 5),
(60, 1, 1373716407, 11, 0, 6, 0, 4),
(72, 1, 1373799704, 6, 0, 3, 1373990400, 0),
(66, 1, 1373716354, 16, 0, 6, 0, 4.5);

CREATE TABLE IF NOT EXISTS `ts_store_rate` (
  `rate_id` int(11) NOT NULL AUTO_INCREMENT,
  `uid` int(11) NOT NULL,
  `cTime` int(11) NOT NULL,
  `info_id` int(11) NOT NULL,
  `score` float NOT NULL,
  PRIMARY KEY (`rate_id`)
) TYPE=MyISAM  AUTO_INCREMENT=18 ;

CREATE TABLE IF NOT EXISTS `ts_store_read` (
  `read_id` int(11) NOT NULL AUTO_INCREMENT,
  `uid` int(11) NOT NULL,
  `cTime` int(11) NOT NULL,
  `info_id` int(11) NOT NULL,
  PRIMARY KEY (`read_id`)
) TYPE=MyISAM  AUTO_INCREMENT=19 ;

INSERT INTO `ts_store_read` (`read_id`, `uid`, `cTime`, `info_id`) VALUES
(1, 1, 1373790272, 58),
(2, 2, 1373628027, 58),
(3, 1, 1373801698, 12),
(4, 1, 1373790230, 62),
(5, 1, 1373727748, 13),
(6, 1, 1373727715, 63),
(7, 1, 1373801539, 60),
(8, 1, 1373790288, 64),
(9, 1, 1373727586, 65),
(10, 1, 1373716775, 66),
(11, 1, 1373790912, 67),
(12, 1, 1373790256, 68),
(13, 1, 1373790916, 11),
(14, 1, 1373794469, 69),
(15, 1, 1373801726, 70),
(16, 1, 1373800985, 71),
(17, 1, 1373801739, 72),
(18, 1, 1373799826, 55);


CREATE TABLE IF NOT EXISTS `ts_store_send` (
  `send_id` int(11) NOT NULL AUTO_INCREMENT,
  `send_uid` int(11) NOT NULL,
  `rec_uid` int(11) NOT NULL,
  `cTime` int(11) NOT NULL,
  `s_info_id` int(11) NOT NULL,
  `info_id` int(11) NOT NULL,
  `readed` tinyint(4) NOT NULL,
  PRIMARY KEY (`send_id`)
) TYPE=MyISAM  AUTO_INCREMENT=11 ;

ALTER TABLE  `ts_store_entity` ADD  `can_rec` TINYINT( 4 ) NOT NULL;
ALTER TABLE  `ts_store_entity` ADD  `rec_entity` VARCHAR( 50 ) NOT NULL;
ALTER TABLE  `ts_store_entity` ADD  `need_active` TINYINT NOT NULL;
ALTER TABLE  `ts_Goods` ADD  `active` TINYINT NOT NULL;


CREATE TABLE IF NOT EXISTS `ts_store_send` (
  `send_id` int(11) NOT NULL AUTO_INCREMENT,
  `send_uid` int(11) NOT NULL,
  `rec_uid` int(11) NOT NULL,
  `cTime` int(11) NOT NULL,
  `s_info_id` int(11) NOT NULL,
  `info_id` int(11) NOT NULL,
  `readed` tinyint(4) NOT NULL,
  `content` text NOT NULL,
  PRIMARY KEY (`send_id`)
) TYPE=MyISAM  AUTO_INCREMENT=22 ;

